{"tokens":10.042137145996094,"ts":1780675679.478465}